"","Longitud","Latitud"
"1",-96.6809013776649,15.7735470830986
"2",-104.293928230556,19.060438225
"3",-103.310111829787,20.6681935808511
"4",-103.422468149705,20.2824756966261
"5",-104.637965326042,24.0415746457482
"6",-116.612717823407,32.5648690919953
"7",-104.903928289993,21.5249381943624
"8",-103.345012,20.7472098571429
"9",-96.7080957231576,18.8317864398647
"10",-103.368218658958,20.6782335225664
"11",-99.1307459992041,19.5065761392834
"12",-109.512076413,26.9809493138981
"13",-116.898518002415,32.4976708291783
"14",-104.846718840236,21.4855836872369
"15",-104.640365373023,24.0084733137421
"16",-103.782500144118,19.3321967382353
"17",-116.953572671154,32.4921365016691
"18",-103.37035527193,20.6275819087719
"19",-100.450654579168,25.6664327204557
"20",-99.1863682349946,19.5371175090008
"21",-106.114947334894,28.734926614142
"22",-103.34126505,19.0554319941176
"23",-99.0078055736197,19.2158126050859
"24",-102.2476043125,20.8813194375
"25",-107.634023093154,24.7461583772215
"26",-102.291261572691,21.8792533627216
"27",-103.274117735205,20.6909178190128
"28",-99.1459879660243,23.7540201901041
"29",-101.942095444444,22.0337070740741
"30",-104.968741470588,21.3323855882353
"31",-100.490390364646,25.6842184009703
"32",-102.197098484375,20.60809734375
"33",-104.005736712121,20.9093543484849
"34",-103.409931731631,20.7279697342467
"35",-91.1243920370542,17.8643236137622
"36",-96.7064986052161,19.5973483422052
"37",-87.9401157051478,20.7206789576506
"38",-105.877627282957,31.2385647848648
"39",-87.0825731764412,20.6275320334349
"40",-104.983105571429,21.5453993809524
"41",-98.1846885650912,19.2657130943491
"42",-102.612527424136,20.4394132562762
"43",-105.977353024563,28.9525083028522
"44",-100.321555206416,25.785494832492
"45",-104.370577196721,20.1451986557377
"46",-111.011420824574,29.0998524100027
"47",-96.7063884216758,17.0610206515249
"48",-88.1454830894298,20.8094219587232
"49",-102.208972269771,17.9858967238567
"50",-103.424797532006,20.732029461919
"51",-116.61065666968,31.8813549812031
"52",-101.196753039955,20.4286000623574
"53",-99.1302735634928,19.2173783063493
"54",-105.328118741425,22.63343346323
"55",-104.782085296296,21.0643215185185
"56",-99.0346166016939,19.3928221041874
"57",-92.9128025345299,17.9972045046781
"58",-101.71207650497,21.1409971777875
"59",-103.244593468648,20.6237875211771
"60",-116.579970409091,31.7184627
"61",-103.731185325677,19.2710759667246
"62",-100.171149007547,25.9015449831534
"63",-116.971456545655,32.5083872552059
"64",-93.8992226901034,16.2235993621119
"65",-103.130141459459,20.0303381891892
"66",-103.362957922497,20.7526345287805
"67",-97.1826607647107,19.5239093909599
"68",-102.657909368421,21.3776608421053
"69",-105.443240505063,25.0684009602538
"70",-103.579166833333,19.6308333333333
"71",-105.0767222,21.38558325
"72",-89.6975114687689,21.004526767743
"73",-103.257237648377,20.6512824652385
"74",-104.905231546875,21.229724578125
"75",-100.450791671251,20.6271738270729
"76",-102.030990728333,22.240674905
"77",-103.915459805405,19.8701876621622
"78",-97.3359547881735,20.4491773491106
"79",-103.64223738,18.9825412725
"80",-94.6664448400631,17.9717698823439
"81",-101.408430028347,26.8914764924303
"82",-99.0981429587762,19.464317306363
"83",-104.909984293332,21.5092291116108
"84",-103.296764192208,20.6590216246753
"85",-103.525374414545,20.02982242
"86",-117.008811878229,32.5363733069164
"87",-105.088403357143,21.5138289285714
"88",-106.937604397704,27.5051067792363
"89",-105.148770397059,22.8378062941177
"90",-116.647823620736,32.5609537572428
"91",-103.867154469816,18.908470604848
"92",-102.852941058824,21.2371078235294
"93",-103.38811122381,20.5925311857143
"94",-89.8227962833818,19.7562967571604
"95",-99.1522745549894,19.3541330517527
"96",-102.865590503637,19.9069963998127
"97",-101.425015388397,20.939558513804
"98",-105.233347632512,20.664315025746
"99",-110.267545865328,30.9895231981596
"100",-98.8791385254724,19.5076773009136
"101",-90.5263816032669,19.8276206034164
"102",-98.4096123307488,19.5009737587471
"103",-100.819880279999,20.5368348673746
"104",-104.818296084697,20.5277186570061
"105",-112.165404477349,30.679375550117
"106",-104.056115318182,21.8361615151515
"107",-103.314204212766,20.5611165106383
"108",-106.8678521973,25.0296855612348
"109",-99.2046964740359,19.6323722864699
"110",-103.757171670714,19.2468769940836
"111",-102.10219676278,20.4153910041111
"112",-97.1877666344828,20.370061037931
"113",-89.0061470594185,21.0410754878525
"114",-91.2960293478245,17.7274507751565
"115",-99.5135504995556,19.1078292166311
"116",-99.1106592944649,19.416611771965
"117",-103.254370849531,20.7777669148583
"118",-106.098840536248,28.6541557672452
"119",-103.379373478873,19.5414219859155
"120",-99.3181928681256,19.6086423967045
"121",-104.255669459259,20.3139473777778
"122",-103.35042782,20.6744977
"123",-97.3949708818432,16.477142596659
"124",-104.230955757576,20.7770567878788
"125",-108.05596406059,25.5275437789939
"126",-100.183535748899,26.5069068139146
"127",-103.291728343457,20.6368931799423
"128",-110.943472721849,29.0295817247484
"129",-105.220483885714,20.8091446285714
"130",-99.6606877882789,18.8473396386112
"131",-103.344964290229,20.5451644995476
"132",-103.696859956522,21.0223085217391
"133",-105.281883862469,20.7235953467819
"134",-92.9601421493142,17.9725331461728
"135",-102.287295896911,22.2325799725308
"136",-115.442919649186,32.5965677583558
"137",-103.409491855739,20.7429798077018
"138",-102.468240743497,20.4048130770091
"139",-102.61107473913,21.2285748695652
"140",-103.364681806916,20.7050914848526
"141",-96.8900070757399,17.2794241587042
"142",-102.247950459459,21.155
"143",-100.697846618418,20.5709799944417
"144",-106.428738602241,31.693868943655
"145",-103.400945166667,20.6843983888889
"146",-106.892629471429,30.1356275
"147",-104.553211727273,19.2569040969697
"148",-98.0020810078074,22.2848561522757
"149",-97.2085458117954,18.8414518978317
"150",-100.398146587106,25.6665901549619
"151",-103.447895492555,20.6865748942209
"152",-103.349528469656,20.6960227473981
"153",-101.282434320984,20.971739279366
"154",-103.314221706061,20.6366713969697
"155",-116.238005475,31.92333221875
"156",-98.1697807040685,26.2089620204356
"157",-101.357193744952,20.7070635291029
"158",-116.664206,32.0112895
"159",-103.458965786601,19.7231185616641
"160",-102.762761106144,20.8133629657883
"161",-104.100653104856,19.0090581353093
"162",-104.12122059375,19.86125803125
"163",-86.8473769428309,21.1681103177709
"164",-91.0695676464032,17.5927294419898
"165",-96.1821319608716,19.204591448412
"166",-98.8345834933332,21.2191059521061
"167",-105.34857220625,20.5023397
"168",-115.466100662727,32.6600396404342
"169",-99.1710019051968,19.3876298621012
"170",-99.2075267204069,19.3901281313796
"171",-95.1666750029688,18.4796240937714
"172",-104.45322173913,21.543768173913
"173",-97.3725854306707,20.5890314509478
"174",-104.895721946493,21.4904981942861
"175",-105.219435329684,20.6352321129094
"176",-103.665873724657,18.7445971729923
"177",-96.8566020558324,19.5086787221798
"178",-103.049107680851,19.2390012340426
"179",-103.84634762963,20.5525662962963
"180",-117.025527288129,32.5157060888502
"181",-100.638092099976,23.6647726462313
"182",-99.147528676286,19.3165290785803
"183",-89.049803360774,20.105855509606
"184",-103.710578751923,21.6593838615385
"185",-104.810061555556,21.3526852222222
"186",-106.01867125364,28.6652504191181
"187",-100.423457300262,20.1878820768288
"188",-102.104146606349,20.9943135063492
"189",-103.817186086957,20.4651691304348
"190",-105.595128433333,22.4100103596491
"191",-100.359553610743,20.6134610996275
"192",-102.297579358032,20.36853391402
"193",-97.4481687130321,20.5410644756327
"194",-99.8874357406691,19.9002934769889
"195",-96.2626670022901,17.2828120910698
"196",-103.7149414515,22.3931670983542
"197",-99.0792622662223,19.4226447163756
"198",-102.603413697059,21.6200456074248
"199",-99.6566624606224,19.2883161809287
"200",-102.558446439117,22.8884202735389
"201",-114.790495611552,32.4707319133759
"202",-103.286600585246,20.6761801229508
"203",-101.493085279646,20.4602965357471
"204",-97.2097966260869,20.6319374782609
"205",-115.34476365,32.47201685625
"206",-97.883844221519,26.1441928898543
"207",-95.2587789935457,17.5402770189287
"208",-103.408865591714,20.6342089429964
"209",-100.515198619962,25.699938440417
"210",-97.7008921698855,20.4610169034957
"211",-116.92067410641,32.505426996394
"212",-103.521021972222,20.4591445
"213",-104.502830605263,20.3419709736842
"214",-102.881368595238,19.6442153333333
"215",-102.584928846154,21.0562338461538
"216",-103.361795243902,20.7188491219512
"217",-103.312164877193,19.2449563333333
"218",-88.5032740378442,20.4083620384987
"219",-111.531531424143,30.3991830022164
"220",-93.1449151393527,16.7658534079454
"221",-104.908213371429,21.6012660571429
"222",-99.0951012206891,19.6438141991639
"223",-98.9183464033284,19.5687023167888
"224",-99.2503625467105,18.9692317493498
"225",-103.469234048796,19.6813856520248
"226",-104.09458908807,21.0700407113729
"227",-99.1757016663119,18.6236858497215
"228",-103.3944025,20.5651234666667
"229",-116.860451375,32.079270875
"230",-101.461370251353,20.1011565135897
"231",-99.2288172397536,19.5413723596967
"232",-106.123604453618,28.6960596917198
"233",-100.997271695653,22.1486073375458
"234",-102.507166321973,21.8894019446679
"235",-102.531474439024,20.7673110243903
"236",-116.725689375379,32.4963553759176
"237",-115.514932443478,32.6116238413044
"238",-102.178294466667,21.8273239222222
"239",-102.267367813019,19.9979504692351
"240",-116.060833,32.533056
"241",-103.253322306901,20.4620258451456
"242",-103.553468666667,19.3986316904762
"243",-91.1619841960729,16.2735732541545
"244",-104.349924778378,19.1256305918919
"245",-99.5927771904039,19.2613598563827
"246",-98.2769224710315,26.1821434183531
"247",-105.050960478571,21.8065140357143
"248",-104.942448736842,20.1931578421053
"249",-103.37314203553,20.6683666293864
"250",-103.608541678571,20.282867
"251",-104.602639075,21.161730575
"252",-103.331656094209,20.688367888674
"253",-106.512798936418,30.6212715745692
"254",-115.761099662867,31.4469863106461
"255",-92.5329815572245,17.8357722194245
"256",-99.5304302960882,19.2300448406278
"257",-99.8732893904688,18.3774412357534
"258",-102.233101234895,21.5411690613347
"259",-101.648799894234,21.1057626696409
"260",-99.6882897422255,24.9725095738609
"261",-99.971150151611,20.3982118366093
"262",-108.998240003611,25.8256888723371
"263",-102.525167086808,19.5576264643209
"264",-102.37635394293,21.8911141855541
"265",-103.333725758824,20.7038313058824
"266",-101.874108086142,21.0629420915416
"267",-104.664894312,21.543519896
"268",-110.674027157945,29.3257352317314
"269",-103.056751358065,20.6239761951613
"270",-97.0116697023385,19.5908098048912
"271",-95.7188991662907,18.7128682824737
"272",-97.3135762469064,20.5716651464039
"273",-102.945156375,21.1889931875
"274",-92.8806254667748,17.6348240583864
"275",-105.370993507692,21.6971534307692
"276",-103.252159648273,20.8533603812616
"277",-116.835183775784,32.4760086512314
"278",-102.307464617435,21.9023733540762
"279",-100.340384534614,18.8990027869008
"280",-99.6092948959823,19.1261710122333
"281",-116.570165863636,32.110055
"282",-103.218560020619,20.6505964661337
"283",-103.419407470106,20.6564594354483
"284",-99.0496627198769,21.9665692735696
"285",-104.21536485,20.57967075
"286",-103.371928351397,20.5745170031361
"287",-110.290866167286,30.9841001094556
"288",-98.8823839590693,19.6721181470451
"289",-103.077965153846,20.5337838461538
"290",-103.972311264151,20.6972387169811
"291",-109.064722785536,26.4162386551993
"292",-96.9183332330086,19.5198676843598
"293",-98.0904901518519,20.1921743
"294",-99.2561441932482,19.4360186585712
"295",-92.2941908146195,14.9090201355493
"296",-103.2939665175,20.6962616225
"297",-99.9591151329962,20.7282204802217
"298",-105.311983829502,21.9567006865127
"299",-116.569204288883,32.5073271990024
"300",-103.186634073171,20.9522297560976
"301",-104.311406746032,19.9794698888889
"302",-116.988779068303,32.497704041595
"303",-91.8799528574837,17.5638469182145
"304",-114.990376131288,32.5620927110685
"305",-103.45187673,20.6173940766667
"306",-103.373621886909,20.5175348906944
"307",-114.999675666667,29.7156478333333
"308",-113.718057311795,28.1124149336309
"309",-105.182053684131,21.454905696895
"310",-104.93021084375,21.531026471875
"311",-100.357467417818,25.7475197909663
"312",-105.099270625,20.73368075
"313",-102.689347677273,20.3039435772727
"314",-103.727667665,19.4234243775
"315",-98.3275370581257,19.3237800797881
"316",-103.429001968611,20.6254345592025
"317",-115.057677580889,32.4115343834598
"318",-98.9951592292619,18.8820250400219
"319",-116.930287292263,32.4569193049767
"320",-99.4627165611533,19.3929976633835
"321",-104.860265789817,21.4554028094556
"322",-115.183254941463,32.5097275195122
"323",-110.380732647019,27.4810334976099
"324",-104.757393764706,21.8506208823529
"325",-99.0649434268182,19.782154345641
"326",-104.574816909091,21.7188320681818
"327",-98.4372120551311,18.4540471750483
"328",-102.27668218987,22.1177030841279
"329",-100.191396819723,21.0976902663797
"330",-117.047479641534,32.5233978856223
"331",-104.0144816,22.3522685333333
"332",-96.9731163980522,19.3473767585236
"333",-94.2424074823702,18.0477065118653
"334",-103.831427620254,20.6531520016262
"335",-103.449809181363,20.6763477274878
"336",-104.683145548877,24.0025692525722
"337",-96.932899808313,19.5546613102813
"338",-102.508956636364,21.3030127727273
"339",-103.697737880795,19.2425857751626
"340",-98.2216743785714,18.8760869642857
"341",-97.6677361416843,19.4504669823467
"342",-97.5198891394615,26.033617199738
"343",-107.342326232981,28.4902570162299
"344",-101.938213428571,21.3568784746544
"345",-100.399479211592,25.7559862201359
"346",-103.16183110794,20.8188108297579
"347",-102.031026329268,21.8810166951219
"348",-115.173503947567,28.068941607481
"349",-99.1815802454097,19.3300174044578
"350",-116.888322142814,32.5368965638008
"351",-96.1954640229645,18.0541392241857
"352",-98.0883655480852,24.4201485071691
"353",-104.545733282318,23.9248563812281
"354",-103.339979610206,20.6779881755467
"355",-101.563592898901,27.0605263438229
"356",-96.9391108470969,19.589253432174
"357",-106.305124978544,31.5107769238379
"358",-105.21998860043,21.7860417146627
"359",-99.0073127737207,19.6521251073406
"360",-98.3109046820261,19.2303628579626
"361",-97.4846918661123,25.9006689048812
"362",-102.40549723913,20.5935656521739
"363",-116.39972225,32.5019444166667
"364",-103.284544857143,20.2790268888889
"365",-103.966082404716,20.5182318710158
"366",-89.6181935555556,20.6155047333333
"367",-96.8180679524626,19.4573540125047
"368",-117.038883758695,32.4851834795361
"369",-99.0350416234469,19.515015432737
"370",-104.03934697619,19.4454795
"371",-98.0346113123764,19.8413559730134
"372",-103.450118717949,20.6374432717949
"373",-100.440462401221,20.7797686153155
"374",-106.422558118638,23.2346583011431
"375",-102.258980288136,22.0003751457627
"376",-97.3973008260913,18.4567940239764
"377",-95.173378111137,18.1561002790377
"378",-103.400718245765,20.6022558510393
"379",-116.680127042935,31.8817602935442
"380",-98.2519751396923,19.3059921278857
"381",-98.9839865560798,19.3647030398156
"382",-89.6075424225113,20.9718411126072
"383",-102.769869937351,20.3566179134195
"384",-100.965721198873,25.4441030639369
"385",-92.0470085726372,16.4140300331979
"386",-104.288657310811,21.2373785135135
"387",-116.973667285714,32.4616212244898
"388",-98.9809438882737,19.6953935559714
"389",-98.1519291429557,19.0578862060948
"390",-96.119512485502,19.1528164452253
"391",-106.825692445957,28.50838129491
"392",-99.1029332634247,19.3831125939126
"393",-100.665984010953,18.4467379991831
"394",-108.034403404831,25.0082103713973
"395",-99.8662687931023,16.887553490179
"396",-97.175569188,20.1582374
"397",-104.53874587037,21.3583475814815
"398",-103.891872076306,18.9168266664179
"399",-98.194610677995,19.6332283891697
"400",-116.290909142857,32.5470639285714
"401",-116.594405942222,31.8599324466667
"402",-103.801753294444,18.8469248444444
"403",-103.396372095238,19.6402641904762
"404",-103.164331809524,20.1464891428571
"405",-97.4478173027855,20.517430868555
"406",-110.029278325235,27.3537792964426
"407",-102.678652561644,21.9229714657534
"408",-103.342485397059,20.6643018147059
"409",-103.701145730796,20.6682290770124
"410",-111.497047823273,28.8453747113156
"411",-112.064386183333,28.9274424166667
"412",-103.323091285714,20.6996465142857
"413",-107.405203112011,24.8021028515513
"414",-104.782719895833,22.4719733333333
"415",-117.048799852004,32.4232675242669
"416",-87.4718330020645,20.9074975370839
"417",-102.585087485714,20.6867365428571
"418",-105.154865060536,20.0887170373723
"419",-99.1925711394829,19.8839803345599
"420",-102.447331666667,21.5005050909091
"421",-105.154983020408,22.5053344081633
"422",-98.2378029095101,19.0299849338393
"423",-97.4288286113767,20.5372031128869
"424",-97.3355382082255,20.6298135019538
"425",-116.579209894603,31.7822040882406
"426",-88.2065962597804,21.0820062197613
"427",-117.110858654851,32.5233122378308
"428",-99.2668414419368,20.4241988462511
"429",-103.441280604695,20.7612944281299
"430",-97.3445337290323,20.2616325967742
"431",-105.329225861111,21.8228443611111
"432",-111.108920065493,30.1717813269661
"433",-103.472787074625,20.5397402666748
"434",-100.525640926914,21.2904901375608
"435",-103.268686541667,20.6286262761905
"436",-105.931373378121,28.6031411840653
"437",-109.391589368342,30.4854782744276
"438",-116.62920880029,31.8753240295998
"439",-116.016271349061,30.7629485476675
"440",-100.626923294983,20.4473570900511
"441",-105.14441012069,21.1507634827586
"442",-104.875212328571,21.7411026952381
"443",-117.003227252669,32.5136230109626
"444",-103.32828438932,20.6552506089649
"445",-103.707436638889,20.1129869722222
"446",-115.444183981471,32.6543845826209
"447",-103.491625090676,21.068496429446
"448",-116.609294290323,31.8611831387097
"449",-103.392934562851,20.6986242673618
"450",-94.9486510874028,16.4564058022171
"451",-103.279290865886,20.6576362847891
"452",-104.3441665,21.866519
"453",-110.937017891961,31.2783791315698
"454",-97.5939224116436,20.1690331876667
"455",-103.945396479104,20.4052610052096
"456",-92.0524930430296,18.0355866068962
"457",-96.4126335719274,18.7999647799632
"458",-103.234111114286,19.7035949392857
"459",-105.399356835152,22.4435297109091
"460",-101.004275349011,25.3934756478592
"461",-104.733136060377,19.7244468358491
"462",-99.1353907340968,19.2943800906223
"463",-103.341709381418,20.567477002577
"464",-97.7473372923313,17.7295168215634
"465",-104.876675163673,21.5035078878272
"466",-88.3658402175218,18.5248881149313
"467",-105.345568022581,20.7559745645161
"468",-99.2160408100198,19.6775137551011
"469",-103.177043633255,20.516627825352
"470",-115.486369671804,32.6524560391478
"471",-96.7640122475521,16.8686077813372
"472",-103.031987076923,20.8494977307692
"473",-106.151825572499,28.7474597608917
"474",-105.144239806897,21.6613069689655
"475",-97.3505580213219,19.8122950905518
"476",-88.2109185273418,20.6720898144403
"477",-100.370499250091,25.7248030565689
"478",-100.146309664147,25.7196228403305
"479",-101.227266973943,19.6719141693005
"480",-99.1878344563953,19.4883799944178
"481",-90.7366802226105,18.713874102189
"482",-103.331296085366,20.0508625121951
"483",-99.438921872639,19.2214807435052
"484",-100.861810976878,21.0636764052737
"485",-103.156358155974,20.5714505128775
"486",-110.038391699736,27.3524823004126
"487",-88.1685958853804,20.3965529474986
"488",-104.873893713267,21.5396909196259
"489",-103.771375245902,19.7182585245902
"490",-99.6194457795333,19.3078551140102
"491",-116.598827076096,31.8256811244775
"492",-102.305474130935,21.8501750034888
"493",-99.1185469472227,19.2624656903238
"494",-98.9317934469568,26.3382434024018
"495",-104.949336276923,21.9555046461538
"496",-114.840197675683,31.0362675351466
"497",-104.324044477902,19.1067116840853
"498",-99.5705604281385,19.4143482768802
"499",-104.787029333333,22.0851863076923
"500",-99.3945782235243,22.8837445899778
"501",-102.18570375,21.9208404318182
"502",-103.43504811244,20.5410986121966
"503",-104.062089928571,22.1126785952381
"504",-88.691988567022,20.7596246217503
"505",-102.022696870968,21.199322
"506",-103.021504583333,21.1468056666667
"507",-115.506565638889,32.6547058055556
"508",-102.462151634921,20.7092326984127
"509",-103.481000732143,19.838802625
"510",-102.354778644068,20.5053643050848
"511",-98.2348122551642,19.2015510658226
"512",-104.006597480769,19.7253874230769
"513",-104.908900695335,19.3510393133616
"514",-102.396701436364,21.0318387636364
"515",-103.8909615,20.087781
"516",-105.406387239017,27.0045685809428
"517",-96.3807198,19.5902269
"518",-100.973723150716,20.5442224281441
"519",-87.5099855608521,20.1713194711599
"520",-99.0581256290215,19.4713409153043
"521",-96.6381871881082,19.3236275874854
"522",-98.7729548175118,18.7437971483781
"523",-102.338513675439,20.7017184473684
"524",-116.872387346235,32.4698686857489
"525",-102.933349396985,21.028469381479
"526",-105.220789479297,20.7055534648282
"527",-102.739217840699,19.2883546552447
"528",-103.46068445405,20.7096950314375
"529",-103.699990131147,20.7952875901639
"530",-115.383995482556,32.6349157093897
"531",-89.5840925846665,21.1361014984413
"532",-102.6237314,20.56759225
"533",-103.725504241001,19.2408948203346
"534",-115.907147074766,30.4604226542056
"535",-103.287811852,20.703625276
"536",-99.2147095347382,19.441995751144
"537",-103.374597407087,20.7226487052159
"538",-104.188993167086,20.202915470839
"539",-103.347156730769,20.6393652692308
"540",-98.2327973635305,19.3226840639163
"541",-108.060164153931,30.6366944046796
"542",-103.448819119048,20.8173248809524
"543",-110.548190439778,28.0696394800977
"544",-99.4862411772727,18.8252051863636
"545",-105.004841285714,21.6483334285714
"546",-101.009387118016,25.4399391251143
"547",-102.774211806579,20.5082711052632
"548",-102.330818794963,21.9684567877909
"549",-104.183405869565,19.2258575217391
"550",-94.38857334,16.324109
"551",-97.3471082559687,20.3924084596482
"552",-117.081223349761,32.4866098056992
"553",-99.2577363417576,19.4961528041906
"554",-103.691219111111,21.194938
"555",-104.591370787679,20.9071103291959
"556",-98.7303728224407,20.1472262970117
"557",-103.414856251649,20.6698506236844
"558",-96.9072333417224,19.5434311762886
"559",-115.415146004,32.556811468
"560",-98.4501621624527,26.2606246100355
"561",-99.1847910385652,19.4277291960724
"562",-102.8256945,20.9216541818182
"563",-97.4230077328162,20.5124995307248
"564",-100.542627030622,19.7355431335138
"565",-106.023721381814,28.6051135244266
"566",-105.418910759889,20.8720548243822
"567",-103.282507879562,20.54475686013
"568",-96.1417092638993,19.1812204165268
"569",-101.707824322902,22.0559161813719
"570",-103.352361989158,20.6177035547465
"571",-104.108764241379,20.5927681034483
"572",-96.8831743294453,19.626150513527
"573",-104.892986763128,21.509425131171
"574",-103.622619233333,19.3175276
"575",-116.2062478,31.13374932
"576",-103.380195534381,20.7004672222083
"577",-105.095864055556,20.4986883333333
"578",-110.927819590353,29.1199094045762
"579",-93.3318951898029,18.0338326235536
"580",-104.394409556884,21.0652996354116
"581",-102.3893743125,20.8615835
"582",-103.939385565217,19.2315593043478
"583",-103.347986727273,20.8170391363636
"584",-91.4505700665412,18.0364241603325
"585",-103.4050295,20.96501545
"586",-102.218860206897,20.4583907586207
"587",-103.344533964105,20.5997109315053
"588",-115.413483345361,32.6581439547904
"589",-96.884377769908,19.5023564135138
"590",-104.315534540557,19.0473166495806
"591",-102.189046233333,20.7641944333333
"592",-100.396031916246,20.5922542249851
"593",-103.094520151515,19.4258018787879
"594",-100.71257385,25.1793281
"595",-116.590489082697,31.8948929183237
"596",-115.430647961855,32.6264283363687
"597",-102.031180512195,21.5045061463415
"598",-114.673007275,30.5165087
"599",-103.663489175425,23.7347161734237
"600",-99.1223288148623,19.4826891511408
"601",-105.381379566055,22.8599158779819
"602",-103.331813162973,20.7123830016562
"603",-103.465819126319,19.7040383114057
"604",-115.503728499066,32.6322923859126
"605",-106.380958891408,23.253380118964
"606",-103.799947250393,20.3626137607526
"607",-98.9714732323765,19.4331150442031
"608",-98.2214432527011,19.0861275365556
"609",-99.5692676333334,19.7308125666667
"610",-110.997657735172,29.1421371346889
"611",-102.670687593949,20.0239175740301
"612",-102.456422353958,21.1631959042311
"613",-104.80654507937,21.4492421379113
"614",-103.404033960714,20.6488953107143
"615",-103.379953553011,20.6778813589511
"616",-100.71034239746,21.8488134112909
"617",-109.53813978841,31.3212183280816
"618",-97.3179875428443,20.4469212520508
"619",-104.917385588235,22.2864814509804
"620",-103.631285157407,20.4163577796296
"621",-107.076393387694,24.1378614917837
"622",-103.304287815649,19.4777666958766
"623",-100.414139472271,25.9047766341887
"624",-104.38975144,19.1597596
"625",-92.6541226898039,16.7311711211033
"626",-103.671535902655,19.9105981061947
"627",-103.166710141746,20.4144847756904
"628",-101.817436863636,21.2359534318182
"629",-116.987275610823,32.5255588593642
"630",-104.813822716667,21.5145838583333
"631",-102.472209709524,20.9579245761905
"632",-116.794503150423,32.4862940894173
"633",-96.8106104207321,19.8119724103732
"634",-97.2583130088915,20.5202773449539
"635",-96.9833475209018,18.8901842616559
"636",-102.088568015151,21.7170221060606
"637",-100.231779155409,20.681736728602
"638",-99.1631938712001,19.4477012829594
"639",-100.41311069008,19.4621557105677
"640",-91.8619071541662,18.648362439057
"641",-98.6233877107823,17.6098721877698
"642",-103.327102958827,20.6708491025603
"643",-110.809356416239,27.9614996311004
"644",-101.169917905003,20.1400136512104
"645",-113.5397554,31.305521625
"646",-103.434596034545,20.6500830727273
"647",-103.351560607143,20.7101660642857
"648",-105.141406546506,22.0182817003571
"649",-110.033260259482,29.8893786765574
"650",-101.26490877796,17.5539891132213
"651",-103.400710174,20.6691757501907
"652",-99.0691613089143,19.3858995747291
"653",-103.33613708712,20.7324246652761
"654",-101.169861788119,19.715440159321
"655",-103.532113465953,27.1644954200289
"656",-101.577395059991,21.0650000451159
"657",-105.254582878026,21.0300255809744
"658",-104.795057149057,20.3855565037736
"659",-103.889258049556,22.6378870335055
"660",-99.6734085397959,19.3459338921746
"661",-103.325432629722,20.615282884816
"662",-103.270974636824,20.677725774563
"663",-103.732469083333,20.9276698333333
"664",-99.113302350491,19.3310192666011
"665",-104.331167106855,24.4991987288338
"666",-97.2659700984758,20.4516594651674
"667",-93.3148406362122,16.2493957423346
"668",-99.0656042797312,19.3445285268827
"669",-96.4043939022226,16.4556471240491
"670",-109.853631949977,27.1028605326848
"671",-103.932602673913,19.6013579347826
"672",-99.1938110054037,18.9070969370894
"673",-104.276319698413,22.1273682063492
"674",-101.285879541859,27.4531972566461
"675",-104.11733924,19.33036564
"676",-100.262820218127,25.7030948063055
"677",-94.4783747033684,18.1375761655393
"678",-104.879835134279,21.4802275469211
"679",-101.257816404292,21.0190285002052
"680",-99.3742627578557,19.9904218702456
"681",-116.968107104183,32.5301088503781
"682",-104.662291403509,19.4920003035088
"683",-104.457765181818,19.8844571363636
"684",-117.049512886765,32.360483727615
"685",-102.303927997795,21.9285485730813
"686",-103.346864665051,20.684960931607
"687",-99.6913396636293,19.2785348699836
"688",-105.558027897674,20.3534715651163
"689",-91.0406864523911,18.1808358981535
"690",-103.307686015385,20.6971261179487
"691",-94.9348034863556,17.021586472067
"692",-104.233380648977,19.7867554120534
"693",-97.2752812771429,20.2444950857143
"694",-103.433536467913,20.6821150679702
"695",-103.316237603946,20.7129703464018
"696",-115.571857175,32.633086975
"697",-102.329535595232,21.2421177957665
"698",-99.5320947132637,18.3520929573931
"699",-103.229425016779,20.5873125578003
"700",-97.8007208583233,21.3028883941362
"701",-100.22107733453,25.7244364299022
"702",-98.7688411951375,19.1481690483872
"703",-103.564064596154,20.2000811576923
"704",-102.573204017857,21.4428889285714
"705",-104.704610524555,19.2409225813944
"706",-97.880874657728,18.3989436426444
"707",-101.53597617933,19.6475634415339
"708",-104.274335821875,19.3212586625
"709",-97.7785922799177,18.936253434743
"710",-102.694792447368,20.9422286842105
"711",-103.529865877211,20.7491287254254
"712",-103.342758019355,20.7192444709677
"713",-102.985440998039,20.4282866235294
"714",-103.340184380952,20.7007392857143
"715",-109.940730927637,27.529618786817
"716",-99.8030680363581,19.560683388409
"717",-88.1819705,21.5854638666667
"718",-116.938552681837,32.4778823796536
"719",-96.8865784052737,19.421593826537
"720",-96.929294147005,19.5349461906436
"721",-103.314349554328,20.7334823492063
"722",-103.64341516,20.53991376
"723",-104.823038960471,21.6044032447255
"724",-109.922124300112,27.2208676111642
"725",-99.1557839908785,19.4717222876127
"726",-103.424272148699,20.4672679952988
"727",-116.956921882759,32.4684219586207
"728",-115.087994154795,32.2415185205479
"729",-108.454545265304,25.6309225579293
"730",-99.2302068481583,18.8302327483832
"731",-99.1486036745092,19.3925524479827
"732",-98.9051495694551,19.4443020306258
"733",-105.228188113889,20.6070114648148
"734",-99.0250471687362,19.591930628001
"735",-103.412423714221,20.6233597319029
"736",-98.2447234900298,18.9787193456417
"737",-103.30155950291,20.6822609036183
"738",-115.327862216621,32.5766854988184
"739",-110.922284661049,27.9312756195273
"740",-105.301843589171,19.9470538793429
"741",-97.7620602065159,19.2106809716886
"742",-99.1473356203246,19.4240336928924
"743",-90.047677126673,21.163953625246
"744",-105.104680685996,19.6190963193292
"745",-103.362377221748,20.7337855227723
"746",-99.1500269641072,19.7079506660928
"747",-106.128663022416,28.5876640007035
"748",-100.068705364941,25.4729004089445
"749",-97.463588619627,20.5317697996139
"750",-103.07944452,21.036311
"751",-91.5458776800291,17.8205774516232
"752",-103.45177463647,20.6538687305573
"753",-103.39630321,20.7366223171429
"754",-103.551578363462,21.9423750076923
"755",-99.2770856553299,18.313942587623
"756",-103.248035177715,20.6723487583272
"757",-98.2227822735595,16.8603364643124
"758",-102.50936227892,20.5415429920517
"759",-96.9573945782671,19.4590753086837
"760",-99.1844217849375,19.3665249217916
"761",-103.106051642857,20.71126
"762",-103.300061036967,20.7144554473176
"763",-104.173304516364,19.4650347236364
"764",-105.467521043613,28.1861284771732
"765",-104.899992079049,21.4488934979982
"766",-98.201168141167,19.0434626258994
"767",-116.952353305239,32.4140921953096
"768",-115.590588772727,32.5813003181818
"769",-87.5872493420935,21.3496179977989
"770",-104.517021813559,22.2610197118644
"771",-103.320263538462,20.5925875897436
"772",-102.233523649939,27.1558102644035
"773",-104.333832516667,19.4600622229167
"774",-102.874002476786,21.1586762696429
"775",-104.456921625,20.75224721875
"776",-100.206971309958,25.6706208590043
"777",-103.816941140969,19.5311360107499
"778",-102.419027666667,21.6122268333333
"779",-105.5673856,21.9391825357143
"780",-106.522253701244,30.6106238470638
"781",-104.26388925,19.13256925
"782",-101.633973797675,21.8124370288619
"783",-96.3611082888351,18.45343633821
"784",-103.39063396875,20.67835453125
"785",-89.3106157205279,20.9420287867467
"786",-99.1831627991531,19.2424290081114
"787",-98.8875276674863,19.4167810604823
"788",-103.877123580645,21.0100358064516
"789",-103.60740222531,24.7247953493886
"790",-96.8958936739246,19.5290339118478
"791",-103.497674823628,20.8105314945803
"792",-104.301589842034,19.092693556056
"793",-102.024192903178,20.6484729431069
"794",-99.6025596006329,18.6287739660171
"795",-97.2185098857546,26.0569270743774
"796",-100.90236339468,22.1730924379321
"797",-103.44258321011,20.5817954726193
"798",-98.5672492393481,19.7180417238285
"799",-103.358000551357,20.6825379771755
"800",-97.1779335057624,20.4845554178723
"801",-101.722421754545,20.4282559727273
"802",-90.1326364400228,20.5157351718121
"803",-103.403969716555,20.6566131281519
"804",-99.7558379260664,19.3007451862853
"805",-113.991903633333,28.7961118166667
"806",-101.435058389715,26.9351564987225
"807",-103.515905433333,19.1810498733333
"808",-103.385340998346,19.3647908056904
"809",-102.911574454545,20.6007162045455
"810",-104.24371375,19.0575689375
"811",-100.307345005749,25.7364295152771
"812",-105.392694727072,20.1748869420292
"813",-104.048980797959,21.4272688816327
"814",-103.42344666889,20.6396444074799
"815",-99.4543141132005,19.316943405565
"816",-116.486628740741,31.6452201111111
"817",-97.9238737967064,19.3242955592536
"818",-101.207661994274,27.913307530493
"819",-103.181348090278,20.3155711875
"820",-103.323149623734,20.7242524950324
"821",-103.358546632805,20.6700517766251
"822",-102.326241563731,21.874648393158
"823",-98.1534361630523,19.343233251425
"824",-97.3696111945474,20.5278208744126
"825",-103.316840302326,20.6832890697674
"826",-108.433831721712,26.5702424833648
"827",-105.202709423759,20.6604216635804
"828",-103.337391944444,20.7649138333333
"829",-99.3743393673111,17.556907234886
"830",-104.5948279487,24.0579920063632
"831",-100.236487072047,25.797491835427
"832",-102.549121471447,20.3000113682749
"833",-98.4423723503163,19.2531115227374
"834",-102.456730341463,22.1605681463415
"835",-103.042812225,20.15162595
"836",-103.745700616,19.110545164
"837",-97.4508308315237,20.3450872600316
"838",-100.169314573643,22.1930128715102
"839",-98.9208350850866,19.4074799483438
"840",-97.5093901275929,20.8124662103365
"841",-102.349501678519,25.2127395327919
"842",-99.2913106540312,19.3698574591659
"843",-96.1224402961761,19.0765084014566
"844",-104.055016364734,20.1301116019864
"845",-102.934525198591,20.3576104605634
"846",-103.34926924,20.73442696
"847",-103.389365401507,20.6281842755892
"848",-103.393238324625,20.7620025832819
"849",-97.4005301340245,20.4488364710277
"850",-104.885305350187,21.522885269423
"851",-102.278207528302,21.760419245283
"852",-103.964366390741,18.9431202240741
"853",-97.2400721600401,20.5767381518994
"854",-99.5072529457276,27.3779391720098
"855",-103.836560857143,21.1626588095238
"856",-116.861848113262,32.5106214289525
"857",-103.385948015261,20.6613924149737
"858",-105.076455974359,20.8961879230769
"859",-116.970423562123,32.4900955543153
"860",-95.3003929979553,18.4655296374399
"861",-102.148607214889,19.306064560801
"862",-102.287394190476,20.9706612380952
"863",-112.270879303593,27.3421947637953
"864",-104.32537545,20.6484238
"865",-103.427712680395,20.6006019889498
"866",-97.6648972245861,26.1420839539176
"867",-98.1924797681189,18.9888583056679
"868",-100.399744710964,20.6360571939371
"869",-110.321484980489,24.1248540124433
"870",-104.059960891667,20.7797333933333
"871",-97.435688038705,20.5687325415919
"872",-103.420367193603,20.6910551750108
"873",-103.787434894857,21.9310708924418
"874",-100.859450196628,20.5441343127006
"875",-97.4789658803976,19.4368280836114
"876",-103.0416237,19.8546450785714
"877",-104.9923647425,19.8558709425
"878",-105.299963415094,22.2248269811321
"879",-98.9205236788783,19.288952306467
"880",-96.9622198878447,19.5049378175768
"881",-108.501976380613,27.1278920649019
"882",-93.1330154491824,17.1950149506711
"883",-103.929313606641,20.2409054889468
"884",-103.388661220696,20.720244706491
"885",-100.280560032895,25.6328619871389
"886",-105.134739148148,21.2744384074074
"887",-102.374430125,21.37009015
"888",-116.903007931707,32.4615355121951
"889",-100.787491005549,20.5311634652269
"890",-103.375294273813,20.7416981233469
"891",-115.382382905637,32.5967183035756
"892",-104.835440243243,20.8229013513513
"893",-101.899382638889,21.7680013611111
"894",-116.928133333333,32.2354410952381
"895",-105.277091359259,21.576796637037
"896",-116.56105702069,31.8920424689655
"897",-97.0558676745936,18.8055953216926
"898",-97.1820324333333,20.2896504791667
"899",-103.429381588052,20.6677039883016
"900",-99.6334816654508,19.2551372385973
"901",-116.573510588235,31.8623989823529
"902",-103.364393972222,20.6526916111111
"903",-104.483602346377,19.5829826608696
"904",-100.263876002398,25.7591782793599
"905",-102.760985666374,21.8221655095558
"906",-110.968792815859,29.0616324360073
"907",-103.262342588126,22.0965850988514
"908",-103.240809747136,20.5109543277226
"909",-103.298501966667,20.6140833666667
"910",-95.9272325646721,18.2502300065469
"911",-103.88743455,19.044873
"912",-99.5711119178885,19.2131490334426
"913",-106.063869803119,28.6352800171379
"914",-100.490349872195,20.5198319483401
"915",-115.477903683882,32.6072892320224
"916",-91.5124850685448,17.623876105046
"917",-105.330464369231,20.3262113884615
"918",-98.0023395358304,26.1607552559987
"919",-117.072893922078,32.5248158883117
"920",-103.193274307692,20.6930166153846
"921",-99.0398938302469,19.2879595395838
"922",-99.5188693805572,19.2870203702034
"923",-102.2622147235,22.3760898898284
"924",-102.747140058824,20.6643552941177
"925",-100.405514329312,20.5488515624784
"926",-102.125587352941,22.1000804019608
"927",-99.6446650016005,17.0701753355555
"928",-103.313579137311,20.4229647875804
"929",-104.683790464884,24.0380096426374
"930",-100.032032865189,19.3492236725405
"931",-105.966585088869,28.6674455522031
"932",-103.834842892754,20.8904171246377
"933",-111.625848087673,25.5994573225842
"934",-105.238483681633,20.7558287918367
"935",-100.264937510228,20.5188056125304
"936",-99.5575919280577,18.9512332301182
"937",-104.709752406667,21.3054436233333
"938",-115.250780867647,32.2799829352941
"939",-100.633309980103,28.6437354291428
"940",-102.256258402709,21.8627966166456
"941",-115.472322034738,32.6304253824886
"942",-102.741566285714,21.2170562142857
"943",-98.1293331534083,19.4099137025518
"944",-104.201259266667,20.0529536666667
"945",-103.313242832587,20.6517394392814
"946",-103.39262327907,20.6400660465116
"947",-100.327391796789,25.6749386275158
"948",-103.410411409646,25.5695884956639
"949",-103.377219665349,20.6444711162428
"950",-87.7094973,18.7143732
"951",-99.4443550310344,18.7361438310345
"952",-106.508289943625,30.6116105388378
"953",-101.813898731343,21.4564855223881
"954",-99.2271499128347,19.3078203496049
"955",-103.820169148405,19.2009011755002
"956",-98.1359821444766,19.1322516491139
"957",-116.935714585445,32.5306816672011
"958",-97.2929731437849,20.3551270247638
"959",-101.651299856362,19.5686842122481
"960",-104.698389854167,19.9936696041667
"961",-102.259853918519,21.9053722777892
"962",-98.0650220101816,19.0763303317814
"963",-109.804119346384,23.0200772951297
"964",-98.828911259136,19.5441293691634
"965",-102.598312923732,20.8428010176436
"966",-103.379408310768,20.6171287964652
"967",-118.301111,28.973333
"968",-99.1384877236108,19.4525655102121
"969",-98.1944303121079,19.3206520024547
"970",-102.22070177193,21.360428877193
"971",-100.943338895234,25.5415636940646
"972",-117.012147550636,32.4814757792162
"973",-104.5470988125,22.0334339034091
"974",-103.269056308875,20.5946952765186
"975",-116.584146928571,32.3186507142857
"976",-103.37443625,20.60713321875
"977",-99.1496331047052,19.5284642537114
"978",-99.1794614494569,19.3113607578028
"979",-105.1566665,20.7559721
"980",-104.36107004902,19.7670212156863
"981",-103.21071665614,22.2931402842105
"982",-114.831684311111,32.6383061777778
"983",-103.46660784188,20.6350962704382
"984",-103.055681638298,20.9351549787234
"985",-117.003599,32.44698405
"986",-103.37224924932,20.6885483467873
"987",-99.1726201965383,19.2879239744389
"988",-100.124395296937,19.1801703888806
"989",-103.002826794118,20.7229902352941
"990",-99.0977665625,19.50753738125
"991",-102.893810577958,20.7639007287935
"992",-102.407079181818,21.7472558787879
"993",-104.615217478261,20.5729467826087
"994",-99.0097457528192,19.413011980235
"995",-115.489043130952,32.57865845
"996",-98.295205247281,19.0592628753983
"997",-115.530246551852,32.6541954518519
"998",-104.053326475505,20.5315865328509
"999",-104.720088058003,29.4617037721845
"1000",-98.4659292092791,18.9294099955019
